gfx,cu_num,token,model_dim,inter_dim,expert,topk,gate_kernel,gate_grid,down_kernel,down_grid,down_chunks,us
gfx950,256,1,6144,512,257,9,decode,2,route9,4,1,65.69
gfx950,256,2,6144,512,257,9,decode,2,route9,4,1,64.38
gfx950,256,4,6144,512,257,9,decode,2,route9,4,1,64.99
gfx950,256,8,6144,512,257,9,decode,2,packed,4,1,76.53
gfx950,256,16,6144,512,257,9,decode,2,packed,4,1,78.05
gfx950,256,32,6144,512,257,9,decode,2,packed,4,1,123.87
gfx950,256,64,6144,512,257,9,decode,2,packed,4,1,166.17
gfx950,256,128,6144,512,257,9,decode,2,packed,4,1,193.52
gfx950,256,256,6144,512,257,9,decode,2,packed,4,1,208.72
gfx950,256,512,6144,512,257,9,prefill,2,prefill,0,1,254.84
gfx950,256,1024,6144,512,257,9,prefill,2,prefill,0,1,295.54
gfx950,256,2048,6144,512,257,9,prefill,2,prefill,0,1,436.08
gfx950,256,4096,6144,512,257,9,prefill,2,prefill,0,2,727.08
gfx950,256,1,6144,256,257,9,decode,2,route9,4,1,63.77
gfx950,256,2,6144,256,257,9,decode,2,route9,4,1,65.12
gfx950,256,4,6144,256,257,9,decode,2,route9,4,1,64.17
gfx950,256,8,6144,256,257,9,decode,2,packed,4,1,76.37
gfx950,256,16,6144,256,257,9,decode,2,packed,4,1,76.56
gfx950,256,32,6144,256,257,9,decode,2,packed,4,1,76.68
gfx950,256,64,6144,256,257,9,decode,2,packed,4,1,79.84
gfx950,256,128,6144,256,257,9,nobarrier,2,packed,4,1,97.45
gfx950,256,256,6144,256,257,9,decode,2,ordered,4,1,114.62
gfx950,256,512,6144,256,257,9,prefill,2,prefill,0,1,177.33
gfx950,256,1024,6144,256,257,9,prefill,2,prefill,0,1,209.97
gfx950,256,2048,6144,256,257,9,prefill,2,prefill,0,1,307.50
gfx950,256,4096,6144,256,257,9,prefill,2,prefill,0,2,502.11
