gfx,cu_num,token,model_dim,inter_dim,expert,topk
gfx950,256,1,6144,512,257,9
gfx950,256,2,6144,512,257,9
gfx950,256,4,6144,512,257,9
gfx950,256,8,6144,512,257,9
gfx950,256,16,6144,512,257,9
gfx950,256,32,6144,512,257,9
gfx950,256,64,6144,512,257,9
gfx950,256,128,6144,512,257,9
gfx950,256,256,6144,512,257,9
gfx950,256,512,6144,512,257,9
gfx950,256,1024,6144,512,257,9
gfx950,256,2048,6144,512,257,9
gfx950,256,4096,6144,512,257,9
gfx950,256,1,6144,256,257,9
gfx950,256,2,6144,256,257,9
gfx950,256,4,6144,256,257,9
gfx950,256,8,6144,256,257,9
gfx950,256,16,6144,256,257,9
gfx950,256,32,6144,256,257,9
gfx950,256,64,6144,256,257,9
gfx950,256,128,6144,256,257,9
gfx950,256,256,6144,256,257,9
gfx950,256,512,6144,256,257,9
gfx950,256,1024,6144,256,257,9
gfx950,256,2048,6144,256,257,9
gfx950,256,4096,6144,256,257,9
